segment,svid,sys,n,std_psr_median,std_psr_max,std_adr_median,locktime_median,cno_median
无干扰 #1,BDS1,BDS,100,0.21100000000000002,0.253,0.001953125,263.28125,46.0
无干扰 #1,BDS10,BDS,150,0.253,0.253,0.001953125,260.828125,44.0
无干扰 #1,BDS12,BDS,100,0.169,0.169,0.001953125,260.640625,48.0
无干扰 #1,BDS19,BDS,150,0.253,0.253,0.001953125,262.28125,47.0
无干扰 #1,BDS2,BDS,100,0.253,0.253,0.001953125,131.34375,38.5
无干扰 #1,BDS20,BDS,150,0.169,0.253,0.001953125,262.234375,47.0
无干扰 #1,BDS22,BDS,150,0.253,0.38,0.001953125,58.1875,38.0
无干扰 #1,BDS3,BDS,100,0.253,0.253,0.001953125,263.28125,45.5
无干扰 #1,BDS36,BDS,150,0.169,0.253,0.001953125,258.4375,48.0
无干扰 #1,BDS39,BDS,150,0.253,0.253,0.001953125,242.0,42.0
无干扰 #1,BDS4,BDS,100,0.253,0.253,0.001953125,263.140625,45.5
无干扰 #1,BDS6,BDS,100,0.169,0.169,0.001953125,262.046875,49.0
无干扰 #1,BDS7,BDS,100,0.253,0.253,0.001953125,261.6875,46.5
无干扰 #1,BDS9,BDS,150,0.253,0.253,0.001953125,261.09375,45.0
无干扰 #1,GAL15,GAL,150,0.253,0.253,0.001953125,245.59375,42.0
无干扰 #1,GAL2,GAL,150,0.253,0.253,0.001953125,261.828125,46.0
无干扰 #1,GAL25,GAL,150,0.169,0.253,0.001953125,255.828125,48.0
无干扰 #1,GAL3,GAL,150,0.169,0.253,0.001953125,261.828125,49.0
无干扰 #1,GAL32,GAL,150,0.169,0.253,0.001953125,254.140625,49.0
无干扰 #1,GAL8,GAL,150,0.253,0.253,0.001953125,138.6875,40.0
无干扰 #1,GLO78,GLO,100,0.253,0.253,0.001953125,50.890625,41.0
无干扰 #1,GLO79,GLO,100,0.21100000000000002,0.253,0.001953125,238.28125,46.5
无干扰 #1,GLO80,GLO,100,0.253,0.253,0.001953125,20.546875,38.0
无干扰 #1,GLO89,GLO,100,0.253,0.38,0.001953125,0.28125,32.0
无干扰 #1,GLO90,GLO,100,0.253,0.253,0.001953125,238.28125,46.0
无干扰 #1,GPS10,GPS,150,0.253,0.253,0.001953125,258.4375,46.0
无干扰 #1,GPS12,GPS,100,0.253,0.253,0.001953125,257.5,45.0
无干扰 #1,GPS13,GPS,150,0.253,0.253,0.001953125,258.046875,45.0
无干扰 #1,GPS23,GPS,150,0.253,0.253,0.001953125,256.28125,46.0
无干扰 #1,GPS24,GPS,150,0.253,0.253,0.001953125,253.4375,39.0
无干扰 #1,GPS25,GPS,150,0.253,0.253,0.001953125,255.4375,45.0
无干扰 #1,GPS28,GPS,150,0.253,0.253,0.001953125,135.484375,36.0
无干扰 #1,GPS31,GPS,98,0.38,0.38,0.00390625,2.1875,28.0
无干扰 #1,GPS32,GPS,150,0.253,0.253,0.001953125,253.28125,40.0
无干扰 #1,QZS194,QZS,150,0.253,0.253,0.001953125,259.734375,46.0
无干扰 #1,QZS195,QZS,150,0.253,0.253,0.001953125,259.140625,39.0
无干扰 #1,QZS199,QZS,150,0.253,0.253,0.001953125,258.78125,46.0
409MHz 干扰,BDS1,BDS,50,0.169,0.169,0.001953125,303.28125,48.0
409MHz 干扰,BDS10,BDS,150,0.253,0.38,0.001953125,12.484375,37.0
409MHz 干扰,BDS12,BDS,100,0.21100000000000002,0.253,0.001953125,153.875,40.0
409MHz 干扰,BDS19,BDS,150,0.253,0.38,0.001953125,2.28125,36.0
409MHz 干扰,BDS2,BDS,50,0.253,0.253,0.001953125,11.1875,37.0
409MHz 干扰,BDS20,BDS,142,0.253,0.38,0.001953125,0.59375,35.0
409MHz 干扰,BDS22,BDS,50,0.253,0.253,0.001953125,40.390625,39.5
409MHz 干扰,BDS3,BDS,50,0.253,0.253,0.001953125,303.28125,44.0
409MHz 干扰,BDS36,BDS,145,0.253,0.38,0.001953125,2.78125,34.0
409MHz 干扰,BDS39,BDS,50,0.253,0.253,0.001953125,282.59375,41.0
409MHz 干扰,BDS4,BDS,50,0.253,0.253,0.001953125,303.28125,46.0
409MHz 干扰,BDS6,BDS,100,0.21100000000000002,0.253,0.001953125,151.484375,41.0
409MHz 干扰,BDS7,BDS,100,0.3165,0.38,0.001953125,150.03125,38.5
409MHz 干扰,BDS9,BDS,150,0.253,0.38,0.001953125,7.6875,36.0
409MHz 干扰,GAL15,GAL,150,0.253,0.38,0.001953125,11.6875,41.0
409MHz 干扰,GAL2,GAL,148,0.253,0.38,0.001953125,18.59375,42.0
409MHz 干扰,GAL25,GAL,150,0.253,0.38,0.001953125,18.390625,44.0
409MHz 干扰,GAL3,GAL,150,0.253,0.38,0.001953125,300.4375,43.0
409MHz 干扰,GAL32,GAL,138,0.253,0.38,0.001953125,19.59375,44.0
409MHz 干扰,GAL8,GAL,72,0.3165,0.38,0.001953125,0.09375,31.0
409MHz 干扰,GLO78,GLO,52,0.253,0.38,0.001953125,0.78125,35.0
409MHz 干扰,GLO79,GLO,100,0.253,0.253,0.001953125,0.546875,36.0
409MHz 干扰,GLO80,GLO,100,0.38,0.38,0.00390625,0.09375,29.0
409MHz 干扰,GLO90,GLO,100,0.253,0.38,0.001953125,0.9375,34.5
409MHz 干扰,GPS10,GPS,100,0.253,0.38,0.001953125,150.578125,37.0
409MHz 干扰,GPS12,GPS,50,0.253,0.253,0.001953125,300.390625,43.0
409MHz 干扰,GPS13,GPS,100,0.3165,0.38,0.001953125,149.046875,35.0
409MHz 干扰,GPS23,GPS,100,0.3165,0.38,0.0029296875,147.78125,35.0
409MHz 干扰,GPS24,GPS,100,0.3165,0.57,0.0029296875,145.984375,31.0
409MHz 干扰,GPS25,GPS,100,0.3165,0.38,0.0029296875,147.4375,34.0
409MHz 干扰,GPS28,GPS,50,0.253,0.253,0.001953125,6.1875,34.0
409MHz 干扰,GPS31,GPS,50,0.38,0.38,0.00390625,2.328125,29.0
409MHz 干扰,GPS32,GPS,100,0.3165,0.38,0.0029296875,145.984375,33.0
409MHz 干扰,QZS194,QZS,88,0.253,0.38,0.001953125,299.1875,39.0
409MHz 干扰,QZS195,QZS,54,0.253,0.38,0.001953125,301.984375,35.0
409MHz 干扰,QZS199,QZS,100,0.253,0.38,0.001953125,151.890625,35.0
无干扰 #2,BDS1,BDS,100,0.21100000000000002,0.253,0.001953125,182.125,46.5
无干扰 #2,BDS10,BDS,150,0.253,0.253,0.001953125,53.484375,43.0
无干扰 #2,BDS12,BDS,100,0.169,0.169,0.001953125,184.53125,48.0
无干扰 #2,BDS19,BDS,150,0.169,0.253,0.001953125,23.046875,47.0
无干扰 #2,BDS2,BDS,100,0.253,0.253,0.001953125,16.234375,39.5
无干扰 #2,BDS20,BDS,150,0.169,0.253,0.001953125,22.9375,48.0
无干扰 #2,BDS22,BDS,150,0.253,0.253,0.001953125,21.140625,40.0
无干扰 #2,BDS3,BDS,100,0.253,0.253,0.001953125,182.125,45.5
无干扰 #2,BDS36,BDS,150,0.169,0.169,0.001953125,22.28125,48.0
无干扰 #2,BDS39,BDS,150,0.253,0.253,0.001953125,21.640625,43.0
无干扰 #2,BDS4,BDS,100,0.253,0.253,0.001953125,181.234375,45.5
无干扰 #2,BDS6,BDS,100,0.169,0.169,0.001953125,182.28125,49.0
无干扰 #2,BDS7,BDS,100,0.253,0.253,0.001953125,182.078125,46.5
无干扰 #2,BDS9,BDS,150,0.253,0.253,0.001953125,48.6875,45.0
无干扰 #2,GAL15,GAL,150,0.253,0.253,0.001953125,52.6875,44.0
无干扰 #2,GAL2,GAL,150,0.253,0.253,0.001953125,59.390625,46.0
无干扰 #2,GAL25,GAL,150,0.253,0.253,0.001953125,59.390625,47.0
无干扰 #2,GAL3,GAL,150,0.169,0.253,0.001953125,24.59375,48.0
无干扰 #2,GAL32,GAL,150,0.169,0.253,0.001953125,59.390625,47.0
无干扰 #2,GAL8,GAL,150,0.253,0.253,0.001953125,3.78125,33.0
无干扰 #2,GLO78,GLO,100,0.253,0.253,0.001953125,21.234375,45.0
无干扰 #2,GLO79,GLO,100,0.21100000000000002,0.253,0.001953125,21.59375,46.5
无干扰 #2,GLO80,GLO,100,0.253,0.253,0.001953125,20.640625,42.0
无干扰 #2,GLO89,GLO,75,0.38,0.57,0.00390625,0.0,24.0
无干扰 #2,GLO90,GLO,100,0.253,0.253,0.001953125,21.328125,46.0
无干扰 #2,GPS10,GPS,150,0.253,0.253,0.001953125,22.546875,47.0
无干扰 #2,GPS12,GPS,100,0.253,0.253,0.001953125,180.140625,45.0
无干扰 #2,GPS13,GPS,150,0.253,0.253,0.001953125,22.484375,45.0
无干扰 #2,GPS23,GPS,150,0.253,0.253,0.001953125,22.59375,47.0
无干扰 #2,GPS24,GPS,150,0.253,0.38,0.001953125,10.390625,34.0
无干扰 #2,GPS25,GPS,150,0.253,0.253,0.001953125,22.640625,45.0
无干扰 #2,GPS28,GPS,150,0.253,0.253,0.001953125,21.09375,38.0
无干扰 #2,GPS31,GPS,78,0.38,0.38,0.0029296875,1.28125,30.0
无干扰 #2,GPS32,GPS,150,0.253,0.253,0.001953125,22.140625,39.0
无干扰 #2,QZS194,QZS,150,0.253,0.253,0.001953125,21.78125,46.0
无干扰 #2,QZS195,QZS,150,0.253,0.253,0.001953125,21.640625,40.0
无干扰 #2,QZS199,QZS,150,0.253,0.253,0.001953125,22.484375,46.0
392MHz 干扰,BDS1,BDS,59,0.38,0.38,0.00390625,0.0,29.0
392MHz 干扰,BDS10,BDS,100,0.253,0.38,0.001953125,4.890625,33.0
392MHz 干扰,BDS12,BDS,100,0.38,0.38,0.00390625,3.046875,30.0
392MHz 干扰,BDS19,BDS,57,0.253,0.38,0.001953125,2.0,31.0
392MHz 干扰,BDS2,BDS,10,0.38,0.38,0.00390625,0.0,27.0
392MHz 干扰,BDS20,BDS,50,0.253,0.253,0.001953125,5.6875,32.0
392MHz 干扰,BDS22,BDS,50,0.38,0.38,0.00390625,2.484375,30.0
392MHz 干扰,BDS3,BDS,33,0.38,0.38,0.00390625,0.0,25.0
392MHz 干扰,BDS36,BDS,100,0.38,0.38,0.00390625,6.734375,30.0
392MHz 干扰,BDS39,BDS,100,0.38,0.57,0.00390625,0.09375,26.0
392MHz 干扰,BDS4,BDS,65,0.38,0.38,0.00390625,0.0,28.0
392MHz 干扰,BDS6,BDS,100,0.253,0.38,0.001953125,2.234375,32.0
392MHz 干扰,BDS7,BDS,100,0.38,0.38,0.00390625,1.375,29.0
392MHz 干扰,BDS9,BDS,100,0.253,0.253,0.001953125,46.59375,35.0
392MHz 干扰,GAL15,GAL,100,0.253,0.38,0.001953125,4.546875,38.0
392MHz 干扰,GAL2,GAL,100,0.253,0.253,0.001953125,50.28125,40.5
392MHz 干扰,GAL25,GAL,100,0.253,0.253,0.001953125,9.6875,40.5
392MHz 干扰,GAL3,GAL,100,0.253,0.253,0.001953125,2.09375,39.5
392MHz 干扰,GAL32,GAL,100,0.253,0.253,0.001953125,4.03125,40.0
392MHz 干扰,GAL8,GAL,50,0.38,0.38,0.00390625,0.0,27.0
392MHz 干扰,GLO78,GLO,100,0.3165,0.57,0.0029296875,29.484375,35.0
392MHz 干扰,GLO79,GLO,100,0.253,0.38,0.001953125,30.4375,36.5
392MHz 干扰,GLO80,GLO,80,0.253,0.57,0.001953125,0.375,32.0
392MHz 干扰,GLO90,GLO,100,0.253,0.38,0.001953125,29.734375,37.0
392MHz 干扰,GPS10,GPS,100,0.253,0.253,0.001953125,8.125,35.0
392MHz 干扰,GPS12,GPS,100,0.253,0.38,0.001953125,5.6875,32.5
392MHz 干扰,GPS13,GPS,100,0.253,0.38,0.001953125,2.28125,33.0
392MHz 干扰,GPS23,GPS,100,0.253,0.253,0.001953125,10.484375,34.0
392MHz 干扰,GPS24,GPS,80,0.38,0.57,0.00390625,0.1875,29.0
392MHz 干扰,GPS25,GPS,100,0.253,0.38,0.001953125,2.59375,34.0
392MHz 干扰,GPS28,GPS,100,0.38,0.38,0.00390625,0.6875,28.0
392MHz 干扰,GPS32,GPS,100,0.38,0.38,0.00390625,1.4375,30.0
392MHz 干扰,QZS194,QZS,100,0.253,0.38,0.001953125,3.0,35.0
392MHz 干扰,QZS195,QZS,100,0.38,0.38,0.00390625,0.1875,26.5
392MHz 干扰,QZS199,QZS,100,0.253,0.38,0.001953125,3.09375,33.0
无干扰 #3,BDS1,BDS,100,0.21100000000000002,0.253,0.001953125,21.09375,46.0
无干扰 #3,BDS10,BDS,150,0.253,0.253,0.001953125,22.9375,42.0
无干扰 #3,BDS12,BDS,100,0.21100000000000002,0.253,0.001953125,20.5,47.0
无干扰 #3,BDS16,BDS,50,0.38,0.38,0.00390625,0.4375,26.5
无干扰 #3,BDS19,BDS,150,0.253,0.253,0.001953125,20.875,47.0
无干扰 #3,BDS2,BDS,100,0.253,0.253,0.001953125,20.9375,39.5
无干扰 #3,BDS20,BDS,150,0.169,0.253,0.001953125,20.28125,48.0
无干扰 #3,BDS22,BDS,150,0.253,0.253,0.001953125,18.875,40.0
无干扰 #3,BDS3,BDS,100,0.253,0.253,0.001953125,20.546875,46.0
无干扰 #3,BDS36,BDS,150,0.169,0.253,0.001953125,21.046875,48.0
无干扰 #3,BDS39,BDS,150,0.253,0.253,0.001953125,20.28125,44.0
无干扰 #3,BDS4,BDS,100,0.253,0.253,0.001953125,21.046875,45.0
无干扰 #3,BDS6,BDS,100,0.169,0.169,0.001953125,31.6875,48.0
无干扰 #3,BDS7,BDS,100,0.253,0.253,0.001953125,20.546875,46.0
无干扰 #3,BDS9,BDS,150,0.253,0.253,0.001953125,21.5,45.0
无干扰 #3,GAL15,GAL,150,0.253,0.253,0.001953125,23.390625,43.0
无干扰 #3,GAL2,GAL,150,0.169,0.253,0.001953125,23.4375,47.0
无干扰 #3,GAL25,GAL,150,0.169,0.253,0.001953125,23.59375,47.0
无干扰 #3,GAL3,GAL,150,0.169,0.253,0.001953125,21.140625,48.0
无干扰 #3,GAL32,GAL,150,0.169,0.253,0.001953125,23.4375,48.0
无干扰 #3,GAL8,GAL,128,0.253,0.38,0.001953125,7.78125,36.0
无干扰 #3,GLO78,GLO,100,0.253,0.253,0.001953125,63.234375,46.0
无干扰 #3,GLO79,GLO,100,0.21100000000000002,0.253,0.001953125,63.6875,47.5
无干扰 #3,GLO80,GLO,100,0.253,0.38,0.001953125,16.890625,38.5
无干扰 #3,GLO89,GLO,73,0.38,0.38,0.00390625,0.09375,30.0
无干扰 #3,GLO90,GLO,100,0.253,0.253,0.001953125,63.984375,46.0
无干扰 #3,GPS10,GPS,150,0.169,0.253,0.001953125,22.5,47.0
无干扰 #3,GPS12,GPS,100,0.253,0.253,0.001953125,21.0,44.0
无干扰 #3,GPS13,GPS,100,0.253,0.253,0.001953125,28.59375,44.0
无干扰 #3,GPS23,GPS,150,0.253,0.253,0.001953125,20.9375,47.0
无干扰 #3,GPS24,GPS,120,0.253,0.57,0.001953125,19.4375,37.0
无干扰 #3,GPS25,GPS,150,0.253,0.253,0.001953125,21.09375,46.0
无干扰 #3,GPS28,GPS,150,0.253,0.253,0.001953125,19.875,39.0
无干扰 #3,GPS31,GPS,93,0.38,0.38,0.00390625,0.09375,29.0
无干扰 #3,GPS32,GPS,150,0.253,0.253,0.001953125,19.328125,39.0
无干扰 #3,QZS194,QZS,150,0.253,0.253,0.001953125,20.875,46.0
无干扰 #3,QZS195,QZS,150,0.253,0.253,0.001953125,20.0,39.0
无干扰 #3,QZS199,QZS,150,0.253,0.253,0.001953125,20.734375,46.0
4G/5G 干扰,BDS1,BDS,100,0.21100000000000002,0.253,0.001953125,68.6875,46.5
4G/5G 干扰,BDS10,BDS,150,0.253,0.253,0.001953125,70.546875,44.0
4G/5G 干扰,BDS12,BDS,100,0.169,0.169,0.001953125,68.09375,48.0
4G/5G 干扰,BDS16,BDS,50,0.38,0.38,0.00390625,0.28125,26.0
4G/5G 干扰,BDS19,BDS,150,0.253,0.253,0.001953125,68.5,47.0
4G/5G 干扰,BDS2,BDS,94,0.253,0.253,0.001953125,23.59375,39.0
4G/5G 干扰,BDS20,BDS,150,0.169,0.253,0.001953125,67.875,48.0
4G/5G 干扰,BDS22,BDS,138,0.253,0.253,0.001953125,21.28125,40.0
4G/5G 干扰,BDS3,BDS,100,0.253,0.253,0.001953125,68.140625,46.0
4G/5G 干扰,BDS36,BDS,150,0.169,0.169,0.001953125,68.640625,48.0
4G/5G 干扰,BDS39,BDS,150,0.253,0.253,0.001953125,67.890625,43.0
4G/5G 干扰,BDS4,BDS,100,0.253,0.253,0.001953125,68.640625,45.0
4G/5G 干扰,BDS6,BDS,100,0.169,0.169,0.001953125,79.28125,49.0
4G/5G 干扰,BDS7,BDS,100,0.21100000000000002,0.253,0.001953125,68.140625,46.5
4G/5G 干扰,BDS9,BDS,150,0.253,0.253,0.001953125,69.09375,45.0
4G/5G 干扰,GAL13,GAL,4,0.253,0.253,0.001953125,0.6875,34.5
4G/5G 干扰,GAL15,GAL,150,0.253,0.253,0.001953125,70.984375,43.0
4G/5G 干扰,GAL2,GAL,150,0.253,0.253,0.001953125,71.046875,47.0
4G/5G 干扰,GAL25,GAL,150,0.253,0.253,0.001953125,71.1875,46.0
4G/5G 干扰,GAL3,GAL,150,0.169,0.253,0.001953125,68.734375,48.0
4G/5G 干扰,GAL32,GAL,150,0.169,0.253,0.001953125,71.046875,48.0
4G/5G 干扰,GAL8,GAL,150,0.253,0.253,0.001953125,14.0,40.0
4G/5G 干扰,GLO78,GLO,100,0.253,0.253,0.001953125,110.84375,43.0
4G/5G 干扰,GLO79,GLO,100,0.21100000000000002,0.253,0.001953125,111.28125,47.0
4G/5G 干扰,GLO80,GLO,100,0.253,0.253,0.001953125,40.9375,39.0
4G/5G 干扰,GLO89,GLO,83,0.38,0.57,0.00390625,0.09375,29.0
4G/5G 干扰,GLO90,GLO,100,0.253,0.253,0.001953125,111.578125,46.0
4G/5G 干扰,GPS10,GPS,150,0.253,0.253,0.001953125,70.09375,47.0
4G/5G 干扰,GPS12,GPS,100,0.253,0.253,0.001953125,68.59375,44.5
4G/5G 干扰,GPS13,GPS,100,0.253,0.253,0.001953125,76.1875,43.0
4G/5G 干扰,GPS23,GPS,150,0.253,0.253,0.001953125,68.546875,46.0
4G/5G 干扰,GPS24,GPS,150,0.253,0.38,0.001953125,65.546875,36.0
4G/5G 干扰,GPS25,GPS,150,0.253,0.253,0.001953125,68.6875,46.0
4G/5G 干扰,GPS28,GPS,150,0.253,0.253,0.001953125,64.984375,40.0
4G/5G 干扰,GPS31,GPS,90,0.253,0.38,0.001953125,15.1875,34.0
4G/5G 干扰,GPS32,GPS,150,0.253,0.253,0.001953125,66.9375,41.0
4G/5G 干扰,QZS194,QZS,150,0.253,0.253,0.001953125,68.5,46.0
4G/5G 干扰,QZS195,QZS,150,0.253,0.253,0.001953125,67.59375,39.0
4G/5G 干扰,QZS199,QZS,150,0.253,0.253,0.001953125,68.328125,46.0
无干扰 #4,BDS1,BDS,100,0.21100000000000002,0.253,0.001953125,127.875,46.0
无干扰 #4,BDS10,BDS,150,0.253,0.253,0.001953125,129.734375,44.0
无干扰 #4,BDS12,BDS,100,0.21100000000000002,0.253,0.001953125,127.28125,47.0
无干扰 #4,BDS16,BDS,50,0.38,0.38,0.00390625,0.09375,26.0
无干扰 #4,BDS19,BDS,150,0.253,0.253,0.001953125,127.6875,46.0
无干扰 #4,BDS2,BDS,100,0.253,0.253,0.001953125,28.078125,39.0
无干扰 #4,BDS20,BDS,150,0.253,0.253,0.001953125,127.09375,46.0
无干扰 #4,BDS22,BDS,150,0.253,0.253,0.001953125,78.28125,40.0
无干扰 #4,BDS3,BDS,100,0.253,0.253,0.001953125,127.328125,46.0
无干扰 #4,BDS36,BDS,150,0.169,0.169,0.001953125,127.828125,48.0
无干扰 #4,BDS39,BDS,150,0.253,0.253,0.001953125,127.09375,43.0
无干扰 #4,BDS4,BDS,100,0.253,0.253,0.001953125,127.828125,45.0
无干扰 #4,BDS6,BDS,100,0.169,0.253,0.001953125,138.484375,47.5
无干扰 #4,BDS7,BDS,100,0.253,0.253,0.001953125,127.328125,46.5
无干扰 #4,BDS9,BDS,150,0.253,0.253,0.001953125,128.28125,45.0
无干扰 #4,GAL13,GAL,100,0.253,0.253,0.001953125,0.28125,34.0
无干扰 #4,GAL15,GAL,150,0.253,0.253,0.001953125,130.1875,45.0
无干扰 #4,GAL2,GAL,150,0.169,0.253,0.001953125,130.234375,48.0
无干扰 #4,GAL25,GAL,150,0.169,0.253,0.001953125,130.375,48.0
无干扰 #4,GAL3,GAL,150,0.169,0.253,0.001953125,127.9375,48.0
无干扰 #4,GAL32,GAL,150,0.169,0.253,0.001953125,130.234375,48.0
无干扰 #4,GAL8,GAL,150,0.253,0.253,0.001953125,71.890625,39.0
无干扰 #4,GLO78,GLO,100,0.253,0.253,0.001953125,170.03125,44.5
无干扰 #4,GLO79,GLO,100,0.253,0.253,0.001953125,170.484375,47.0
无干扰 #4,GLO80,GLO,100,0.253,0.38,0.001953125,76.53125,42.5
无干扰 #4,GLO89,GLO,50,0.38,0.38,0.00390625,0.0,26.0
无干扰 #4,GLO90,GLO,100,0.253,0.253,0.001953125,170.796875,47.0
无干扰 #4,GPS10,GPS,150,0.253,0.253,0.001953125,129.28125,47.0
无干扰 #4,GPS12,GPS,100,0.253,0.253,0.001953125,127.78125,45.0
无干扰 #4,GPS13,GPS,100,0.253,0.253,0.001953125,135.390625,43.5
无干扰 #4,GPS23,GPS,150,0.253,0.253,0.001953125,127.734375,47.0
无干扰 #4,GPS24,GPS,150,0.253,0.38,0.001953125,124.734375,36.0
无干扰 #4,GPS25,GPS,150,0.253,0.253,0.001953125,127.875,46.0
无干扰 #4,GPS28,GPS,150,0.253,0.253,0.001953125,124.1875,40.0
无干扰 #4,GPS31,GPS,100,0.253,0.38,0.001953125,2.28125,32.0
无干扰 #4,GPS32,GPS,150,0.253,0.253,0.001953125,126.140625,40.0
无干扰 #4,QZS194,QZS,150,0.253,0.253,0.001953125,127.6875,47.0
无干扰 #4,QZS195,QZS,150,0.253,0.253,0.001953125,124.140625,39.0
无干扰 #4,QZS199,QZS,150,0.253,0.253,0.001953125,127.546875,45.0
Wi-Fi 干扰,BDS1,BDS,100,0.21100000000000002,0.253,0.001953125,197.5,46.0
Wi-Fi 干扰,BDS10,BDS,150,0.253,0.253,0.001953125,199.328125,45.0
Wi-Fi 干扰,BDS12,BDS,100,0.169,0.253,0.001953125,196.875,47.0
Wi-Fi 干扰,BDS16,BDS,50,0.38,0.38,0.00390625,0.546875,27.0
Wi-Fi 干扰,BDS19,BDS,150,0.253,0.253,0.001953125,197.28125,46.0
Wi-Fi 干扰,BDS2,BDS,100,0.253,0.253,0.001953125,48.84375,39.0
Wi-Fi 干扰,BDS20,BDS,150,0.253,0.253,0.001953125,196.6875,45.0
Wi-Fi 干扰,BDS22,BDS,150,0.253,0.253,0.001953125,147.890625,40.0
Wi-Fi 干扰,BDS3,BDS,100,0.253,0.253,0.001953125,196.9375,46.0
Wi-Fi 干扰,BDS36,BDS,150,0.169,0.169,0.001953125,197.4375,48.0
Wi-Fi 干扰,BDS39,BDS,150,0.253,0.253,0.001953125,196.6875,42.0
Wi-Fi 干扰,BDS4,BDS,100,0.253,0.253,0.001953125,197.4375,45.0
Wi-Fi 干扰,BDS6,BDS,100,0.169,0.169,0.001953125,208.09375,48.0
Wi-Fi 干扰,BDS7,BDS,100,0.253,0.253,0.001953125,196.9375,46.5
Wi-Fi 干扰,BDS9,BDS,150,0.253,0.253,0.001953125,197.875,45.0
Wi-Fi 干扰,GAL13,GAL,106,0.38,0.38,0.00390625,0.234375,27.0
Wi-Fi 干扰,GAL15,GAL,150,0.253,0.253,0.001953125,199.78125,44.0
Wi-Fi 干扰,GAL2,GAL,150,0.169,0.253,0.001953125,199.828125,48.0
Wi-Fi 干扰,GAL25,GAL,150,0.253,0.253,0.001953125,200.0,47.0
Wi-Fi 干扰,GAL3,GAL,150,0.169,0.253,0.001953125,197.546875,49.0
Wi-Fi 干扰,GAL30,GAL,150,0.253,0.38,0.001953125,7.0,41.0
Wi-Fi 干扰,GAL32,GAL,150,0.169,0.253,0.001953125,199.828125,48.0
Wi-Fi 干扰,GAL8,GAL,150,0.253,0.253,0.001953125,17.59375,38.0
Wi-Fi 干扰,GLO78,GLO,100,0.253,0.253,0.001953125,239.640625,44.0
Wi-Fi 干扰,GLO79,GLO,100,0.21100000000000002,0.253,0.001953125,240.09375,46.5
Wi-Fi 干扰,GLO80,GLO,100,0.253,0.253,0.001953125,29.390625,42.0
Wi-Fi 干扰,GLO89,GLO,71,0.38,0.57,0.00390625,0.0,24.0
Wi-Fi 干扰,GLO90,GLO,100,0.253,0.253,0.001953125,240.390625,46.5
Wi-Fi 干扰,GPS10,GPS,150,0.253,0.253,0.001953125,198.875,47.0
Wi-Fi 干扰,GPS12,GPS,100,0.21100000000000002,0.253,0.001953125,197.375,45.5
Wi-Fi 干扰,GPS13,GPS,100,0.253,0.253,0.001953125,204.984375,44.5
Wi-Fi 干扰,GPS23,GPS,150,0.253,0.253,0.001953125,197.328125,46.0
Wi-Fi 干扰,GPS24,GPS,150,0.253,0.38,0.001953125,194.328125,34.0
Wi-Fi 干扰,GPS25,GPS,150,0.253,0.253,0.001953125,197.5,46.0
Wi-Fi 干扰,GPS28,GPS,150,0.253,0.253,0.001953125,193.78125,39.0
Wi-Fi 干扰,GPS31,GPS,100,0.38,0.38,0.0029296875,0.046875,30.0
Wi-Fi 干扰,GPS32,GPS,150,0.253,0.253,0.001953125,195.734375,41.0
Wi-Fi 干扰,QZS194,QZS,150,0.253,0.253,0.001953125,197.28125,45.0
Wi-Fi 干扰,QZS195,QZS,150,0.253,0.253,0.001953125,193.734375,38.0
Wi-Fi 干扰,QZS199,QZS,150,0.253,0.253,0.001953125,197.140625,46.0
无干扰 #5,BDS1,BDS,100,0.21100000000000002,0.253,0.001953125,252.28125,46.5
无干扰 #5,BDS10,BDS,150,0.253,0.253,0.001953125,254.140625,44.0
无干扰 #5,BDS12,BDS,100,0.169,0.169,0.001953125,251.6875,48.0
无干扰 #5,BDS16,BDS,50,0.38,0.38,0.00390625,0.1875,25.5
无干扰 #5,BDS19,BDS,150,0.169,0.253,0.001953125,252.09375,47.0
无干扰 #5,BDS2,BDS,100,0.253,0.253,0.001953125,16.03125,39.0
无干扰 #5,BDS20,BDS,150,0.253,0.253,0.001953125,251.5,47.0
无干扰 #5,BDS22,BDS,150,0.253,0.253,0.001953125,202.6875,39.0
无干扰 #5,BDS3,BDS,100,0.253,0.253,0.001953125,251.734375,46.0
无干扰 #5,BDS36,BDS,150,0.169,0.169,0.001953125,252.234375,49.0
无干扰 #5,BDS39,BDS,150,0.253,0.253,0.001953125,251.484375,43.0
无干扰 #5,BDS4,BDS,100,0.253,0.253,0.001953125,252.234375,45.0
无干扰 #5,BDS6,BDS,100,0.169,0.169,0.001953125,262.890625,48.5
无干扰 #5,BDS7,BDS,100,0.253,0.253,0.001953125,251.734375,46.5
无干扰 #5,BDS9,BDS,150,0.253,0.253,0.001953125,252.6875,45.0
无干扰 #5,GAL13,GAL,106,0.253,0.38,0.001953125,0.1875,33.0
无干扰 #5,GAL15,GAL,150,0.253,0.253,0.001953125,254.59375,45.0
无干扰 #5,GAL2,GAL,150,0.169,0.253,0.001953125,254.640625,48.0
无干扰 #5,GAL25,GAL,150,0.169,0.253,0.001953125,254.78125,49.0
无干扰 #5,GAL3,GAL,150,0.169,0.253,0.001953125,252.328125,48.0
无干扰 #5,GAL30,GAL,150,0.253,0.253,0.001953125,60.546875,39.0
无干扰 #5,GAL32,GAL,150,0.169,0.253,0.001953125,254.640625,48.0
无干扰 #5,GAL8,GAL,150,0.253,0.253,0.001953125,9.09375,36.0
无干扰 #5,GLO78,GLO,100,0.253,0.253,0.001953125,294.4375,44.0
无干扰 #5,GLO79,GLO,100,0.21100000000000002,0.253,0.001953125,294.890625,46.5
无干扰 #5,GLO80,GLO,100,0.253,0.253,0.001953125,27.09375,40.0
无干扰 #5,GLO89,GLO,100,0.38,0.38,0.00390625,0.0,25.0
无干扰 #5,GLO90,GLO,100,0.21100000000000002,0.253,0.001953125,295.1875,46.5
无干扰 #5,GPS10,GPS,150,0.253,0.253,0.001953125,253.6875,47.0
无干扰 #5,GPS12,GPS,100,0.253,0.253,0.001953125,252.1875,44.0
无干扰 #5,GPS13,GPS,100,0.253,0.253,0.001953125,259.78125,44.5
无干扰 #5,GPS23,GPS,150,0.253,0.253,0.001953125,252.140625,46.0
无干扰 #5,GPS24,GPS,150,0.253,0.38,0.001953125,249.140625,37.0
无干扰 #5,GPS25,GPS,150,0.253,0.253,0.001953125,252.28125,45.0
无干扰 #5,GPS28,GPS,150,0.253,0.253,0.001953125,128.1875,39.0
无干扰 #5,GPS31,GPS,100,0.253,0.253,0.001953125,18.28125,36.0
无干扰 #5,GPS32,GPS,150,0.253,0.253,0.001953125,250.546875,42.0
无干扰 #5,QZS194,QZS,150,0.253,0.253,0.001953125,252.09375,46.0
无干扰 #5,QZS195,QZS,150,0.253,0.253,0.001953125,248.546875,38.0
无干扰 #5,QZS199,QZS,150,0.253,0.253,0.001953125,251.9375,45.0
